problem_id,split,difficulty
4,train,hard
5,train,medium
6,train,medium
18,train,medium
30,train,hard
33,train,medium
41,train,hard
42,train,hard
52,train,hard
60,train,hard
65,train,hard
68,train,hard
74,train,medium
76,train,hard
80,train,medium
81,train,medium
97,train,medium
115,train,hard
123,train,hard
132,train,hard
134,train,medium
137,train,medium
149,train,hard
153,train,medium
161,train,medium
164,train,medium
165,train,medium
167,train,medium
174,train,hard
179,train,medium
187,train,medium
188,train,hard
201,train,medium
213,train,medium
214,train,hard
218,train,hard
224,train,hard
227,train,medium
229,train,medium
245,train,medium
253,train,medium
260,train,medium
261,train,medium
265,train,hard
269,train,hard
273,train,hard
275,train,medium
276,train,medium
287,train,medium
296,train,hard
299,train,medium
302,train,hard
305,train,hard
309,train,medium
310,train,medium
312,train,hard
315,train,hard
316,train,medium
317,train,hard
321,train,hard
323,train,medium
329,train,hard
331,train,medium
335,train,hard
336,train,hard
340,train,medium
343,train,medium
347,train,medium
351,train,medium
354,train,hard
357,train,medium
358,train,hard
360,train,medium
368,train,medium
371,train,medium
373,train,medium
375,train,medium
388,train,medium
390,train,medium
391,train,hard
393,train,medium
395,train,medium
396,train,medium
397,train,medium
400,train,medium
403,train,hard
407,train,hard
410,train,hard
413,train,medium
418,train,medium
420,train,hard
421,train,medium
423,train,medium
424,train,medium
433,train,medium
435,train,medium
436,train,medium
438,train,medium
443,train,medium
446,train,hard
447,train,medium
456,train,medium
457,train,medium
458,train,hard
465,train,hard
466,train,hard
467,train,medium
469,train,medium
471,train,hard
473,train,medium
475,train,medium
480,train,hard
481,train,medium
483,train,hard
484,train,medium
486,train,medium
487,train,medium
490,train,medium
493,train,hard
494,train,medium
498,train,medium
514,train,hard
517,train,hard
532,train,medium
546,train,hard
548,train,hard
553,train,medium
554,train,medium
555,train,medium
562,train,medium
564,train,hard
567,train,medium
573,train,medium
576,train,medium
581,train,medium
587,train,hard
593,train,medium
600,train,hard
609,train,medium
611,train,medium
616,train,medium
624,train,medium
625,train,medium
630,train,hard
632,train,hard
634,train,medium
639,train,hard
644,train,hard
649,train,medium
650,train,medium
651,train,medium
656,train,hard
659,train,medium
665,train,medium
666,train,medium
670,train,medium
672,train,medium
679,train,hard
681,train,medium
683,train,hard
686,train,medium
688,train,medium
689,train,hard
692,train,medium
698,train,medium
699,train,hard
711,train,hard
712,train,medium
714,train,medium
720,train,medium
722,train,medium
727,train,hard
735,train,medium
737,train,medium
738,train,medium
740,train,medium
741,train,hard
750,train,medium
752,train,medium
754,train,medium
755,train,medium
757,train,hard
761,train,hard
763,train,medium
768,train,hard
770,train,hard
772,train,hard
774,train,hard
775,train,medium
779,train,medium
780,train,hard
781,train,medium
782,train,hard
788,train,medium
790,train,medium
791,train,medium
792,train,medium
793,train,hard
795,train,medium
798,train,hard
799,train,medium
801,train,hard
802,train,medium
805,train,hard
808,train,medium
809,train,medium
810,train,hard
811,train,medium
813,train,medium
815,train,hard
816,train,medium
818,train,hard
820,train,medium
822,train,medium
823,train,medium
828,train,hard
831,train,medium
833,train,medium
838,train,medium
840,train,medium
842,train,medium
845,train,medium
849,train,medium
850,train,hard
852,train,medium
856,train,medium
857,train,hard
858,train,medium
861,train,medium
862,train,hard
869,train,medium
870,train,medium
871,train,hard
873,train,medium
875,train,medium
877,train,medium
878,train,hard
879,train,hard
882,train,hard
887,train,hard
890,train,medium
891,train,hard
893,train,medium
898,train,medium
902,train,hard
903,train,hard
904,train,medium
907,train,medium
910,train,medium
913,train,hard
915,train,medium
916,train,medium
918,train,medium
920,train,hard
923,train,medium
924,train,hard
926,train,medium
927,train,hard
928,train,hard
932,train,medium
935,train,medium
936,train,hard
939,train,medium
940,train,hard
947,train,medium
950,train,medium
957,train,medium
962,train,medium
963,train,medium
964,train,hard
966,train,medium
969,train,medium
970,train,medium
973,train,medium
974,train,medium
978,train,medium
983,train,medium
984,train,medium
986,train,medium
990,train,medium
991,train,medium
992,train,hard
994,train,medium
995,train,hard
996,train,hard
1006,train,medium
1007,train,medium
1011,train,medium
1012,train,hard
1014,train,medium
1016,train,medium
1017,train,medium
1023,train,medium
1031,train,medium
1033,train,medium
1034,train,medium
1036,train,hard
1039,train,medium
1040,train,medium
1043,train,medium
1044,train,hard
1053,train,medium
1054,train,medium
1055,train,medium
1057,train,medium
1058,train,medium
1059,train,medium
1060,train,medium
1062,train,medium
1063,train,hard
1066,train,medium
1067,train,hard
1072,train,medium
1073,train,medium
1074,train,hard
1081,train,medium
1090,train,medium
1092,train,hard
1094,train,medium
1100,train,medium
1102,train,medium
1104,train,medium
1105,train,medium
1111,train,medium
1124,train,medium
1129,train,medium
1130,train,medium
1131,train,medium
1138,train,medium
1139,train,medium
1140,train,medium
1144,train,medium
1147,train,hard
1151,train,medium
1153,train,hard
1156,train,medium
1162,train,medium
1163,train,hard
1168,train,hard
1169,train,medium
1183,train,hard
1186,train,medium
1187,train,hard
1191,train,medium
1198,train,medium
1199,train,hard
1201,train,medium
1216,train,hard
1220,train,hard
1224,train,hard
1231,train,hard
1234,train,medium
1245,train,medium
1246,train,hard
1247,train,medium
1256,train,medium
1262,train,medium
1276,train,medium
1283,train,medium
1288,train,medium
1293,train,hard
1296,train,medium
1297,train,medium
1316,train,hard
1318,train,medium
1319,train,medium
1328,train,medium
1330,train,hard
1335,train,hard
1338,train,medium
1340,train,hard
1347,train,medium
1353,train,medium
1354,train,hard
1359,train,hard
1361,train,medium
1363,train,hard
1368,train,hard
1377,train,hard
1388,train,hard
1392,train,hard
1395,train,medium
1402,train,hard
1404,train,medium
1406,train,hard
1411,train,hard
1415,train,medium
1416,train,hard
1419,train,medium
1423,train,medium
1424,train,medium
1425,train,hard
1432,train,medium
1433,train,medium
1439,train,hard
1441,train,medium
1449,train,hard
1451,train,medium
1456,train,medium
1458,train,hard
1463,train,hard
1467,train,hard
1471,train,medium
1477,train,medium
1481,train,medium
1487,train,medium
1499,train,hard
1504,train,medium
1505,train,hard
1508,train,medium
1509,train,medium
1515,train,hard
1520,train,hard
1521,train,hard
1525,train,medium
1531,train,hard
1535,train,medium
1537,train,hard
1540,train,medium
1542,train,hard
1547,train,hard
1551,train,medium
1554,train,medium
1557,train,medium
1558,train,medium
1561,train,medium
1562,train,medium
1563,train,hard
1564,train,medium
1567,train,medium
1568,train,hard
1569,train,hard
1573,train,medium
1574,train,medium
1577,train,medium
1580,train,medium
1585,train,hard
1590,train,medium
1591,train,hard
1594,train,medium
1604,train,medium
1605,train,medium
1610,train,hard
1611,train,hard
1616,train,medium
1617,train,hard
1620,train,medium
1625,train,medium
1632,train,hard
1638,train,medium
1641,train,medium
1642,train,medium
1643,train,hard
1647,train,medium
1653,train,medium
1654,train,medium
1658,train,medium
1664,train,medium
1665,train,hard
1675,train,hard
1679,train,medium
1680,train,medium
1682,train,medium
1685,train,medium
1686,train,medium
1689,train,medium
1690,train,medium
1691,train,hard
1698,train,medium
1702,train,medium
1703,train,hard
1705,train,medium
1707,train,hard
1711,train,medium
1712,train,medium
1713,train,hard
1718,train,medium
1719,train,hard
1722,train,medium
1726,train,medium
1727,train,medium
1734,train,medium
1737,train,medium
1738,train,medium
1739,train,hard
1745,train,hard
1746,train,medium
1749,train,medium
1751,train,hard
1762,train,medium
1769,train,medium
1770,train,hard
1771,train,hard
1774,train,medium
1775,train,medium
1781,train,medium
1788,train,hard
1792,train,medium
1793,train,hard
1802,train,medium
1806,train,medium
1813,train,medium
1815,train,hard
1818,train,medium
1820,train,medium
1823,train,medium
1824,train,medium
1834,train,medium
1838,train,medium
1839,train,medium
1840,train,hard
1842,train,hard
1850,train,medium
1851,train,hard
1855,train,medium
1856,train,medium
1864,train,medium
1866,train,hard
1870,train,medium
1871,train,medium
1872,train,hard
1877,train,medium
1882,train,medium
1883,train,hard
1887,train,medium
1888,train,medium
1894,train,medium
1895,train,medium
1896,train,hard
1899,train,medium
1900,train,hard
1901,train,medium
1904,train,medium
1910,train,medium
1911,train,medium
1916,train,hard
1918,train,medium
1921,train,medium
1922,train,medium
1924,train,hard
1927,train,medium
1928,train,hard
1931,train,hard
1937,train,medium
1942,train,medium
1944,train,hard
1946,train,medium
1947,train,medium
1948,train,hard
1950,train,medium
1953,train,medium
1954,train,medium
1955,train,hard
1959,train,medium
1960,train,hard
1966,train,medium
1968,train,medium
1975,train,medium
1977,train,hard
1980,train,medium
1983,train,medium
1987,train,hard
1992,train,medium
1994,train,hard
1999,train,medium
2005,train,hard
2007,train,medium
2009,train,hard
2012,train,medium
2019,train,hard
2023,train,medium
2024,train,medium
2025,train,hard
2029,train,medium
2030,train,hard
2031,train,medium
2033,train,medium
2036,train,medium
2038,train,medium
2049,train,medium
2050,train,hard
2052,train,medium
2054,train,medium
2059,train,medium
2061,train,medium
2070,train,medium
2071,train,hard
2075,train,medium
2077,train,medium
2088,train,hard
2090,train,medium
2091,train,medium
2097,train,hard
2098,train,medium
2101,train,medium
2104,train,medium
2105,train,medium
2106,train,hard
2107,train,medium
2109,train,medium
2110,train,medium
2111,train,hard
2117,train,hard
2121,train,medium
2122,train,hard
2123,train,hard
2125,train,medium
2128,train,medium
2131,train,medium
2132,train,hard
2134,train,medium
2137,train,medium
2139,train,medium
2145,train,medium
2147,train,hard
2151,train,hard
2155,train,medium
2157,train,hard
2162,train,medium
2163,train,hard
2165,train,medium
2167,train,hard
2168,train,medium
2170,train,medium
2171,train,medium
2182,train,medium
2183,train,hard
2186,train,medium
2189,train,medium
2193,train,hard
2195,train,medium
2198,train,medium
2202,train,medium
2203,train,hard
2204,train,hard
2207,train,medium
2208,train,medium
2209,train,hard
2211,train,medium
2214,train,medium
2216,train,medium
2217,train,medium
2219,train,medium
2222,train,medium
2223,train,hard
2225,train,medium
2232,train,medium
2233,train,medium
2234,train,hard
2242,train,hard
2244,train,medium
2245,train,medium
2247,train,hard
2249,train,medium
2251,train,hard
2258,train,hard
2262,train,hard
2263,train,hard
2266,train,medium
2268,train,medium
2271,train,medium
2272,train,hard
2275,train,medium
2277,train,hard
2280,train,medium
2281,train,hard
2282,train,medium
2289,train,medium
2291,train,medium
2294,train,medium
2301,train,hard
2305,train,medium
2310,train,medium
2311,train,medium
2317,train,medium
2320,train,medium
2323,train,medium
2327,train,medium
2328,train,hard
2330,train,medium
2332,train,medium
2333,train,medium
2334,train,hard
2337,train,medium
2338,train,hard
2340,train,medium
2344,train,hard
2345,train,medium
2348,train,medium
2350,train,hard
2355,train,hard
2358,train,medium
2361,train,hard
2364,train,medium
2365,train,medium
2368,train,medium
2370,train,medium
2371,train,hard
2376,train,hard
2378,train,medium
2380,train,medium
2384,train,medium
2387,train,medium
2397,train,medium
2398,train,hard
2402,train,hard
2406,train,medium
2411,train,medium
2412,train,hard
2420,train,medium
2422,train,medium
2428,train,medium
2429,train,medium
2430,train,hard
2431,train,medium
2434,train,medium
2436,train,medium
2438,train,medium
2444,train,hard
2447,train,medium
2448,train,hard
2449,train,hard
2450,train,medium
2453,train,medium
2456,train,medium
2457,train,medium
2461,train,medium
2463,train,hard
2464,train,medium
2472,train,hard
2477,train,medium
2478,train,hard
2479,train,hard
2483,train,medium
2484,train,hard
2493,train,hard
2495,train,medium
2497,train,medium
2498,train,medium
2503,train,hard
2507,train,medium
2508,train,hard
2509,train,hard
2510,train,medium
2513,train,medium
2517,train,medium
2522,train,medium
2528,train,hard
2530,train,medium
2532,train,hard
2533,train,medium
2541,train,medium
2542,train,medium
2543,train,hard
2546,train,medium
2547,train,hard
2551,train,hard
2555,train,medium
2557,train,medium
2559,train,medium
2560,train,medium
2561,train,hard
2563,train,medium
2564,train,medium
2565,train,hard
2567,train,medium
2568,train,medium
2571,train,medium
2573,train,hard
2577,train,hard
2579,train,medium
2585,train,hard
2587,train,medium
2593,train,medium
2597,train,medium
2601,train,medium
2602,train,medium
2603,train,hard
2604,train,hard
2606,train,medium
2607,train,medium
2608,train,hard
2610,train,medium
2611,train,medium
2613,train,hard
2615,train,medium
2616,train,medium
2617,train,hard
2638,train,medium
2645,train,medium
2646,train,hard
2654,train,medium
2655,train,medium
2657,train,medium
2663,train,hard
2664,train,medium
2679,train,medium
2681,train,hard
2683,train,medium
2684,train,medium
2698,train,medium
2707,train,medium
2712,train,medium
2713,train,hard
2718,train,medium
2719,train,hard
2730,train,medium
2732,train,hard
2734,train,medium
2735,train,medium
2742,train,hard
2745,train,medium
2746,train,medium
2749,train,medium
2764,train,medium
2767,train,medium
2771,train,medium
2772,train,medium
2779,train,medium
2780,train,medium
2781,train,hard
2786,train,medium
2789,train,medium
2790,train,hard
2799,train,medium
2800,train,medium
2801,train,hard
2802,train,medium
2808,train,medium
2809,train,hard
2811,train,medium
2813,train,hard
2826,train,medium
2827,train,hard
2830,train,medium
2831,train,medium
2832,train,medium
2834,train,medium
2835,train,hard
2841,train,medium
2844,train,medium
2845,train,medium
2847,train,medium
2849,train,medium
2851,train,hard
2856,train,medium
2860,train,medium
2863,train,medium
2866,train,medium
2870,train,medium
2871,train,medium
2874,train,medium
2875,train,medium
2892,train,medium
2896,train,medium
2898,train,medium
2902,train,hard
2904,train,medium
2905,train,medium
2911,train,hard
2912,train,hard
2915,train,medium
2916,train,hard
2918,train,medium
2919,train,medium
2921,train,hard
2926,train,hard
2927,train,hard
2929,train,medium
2933,train,medium
2934,train,medium
2938,train,medium
2941,train,hard
2943,train,medium
2944,train,medium
2945,train,hard
2948,train,medium
2949,train,hard
2950,train,medium
2957,train,medium
2959,train,hard
2962,train,medium
2964,train,medium
2968,train,hard
2969,train,hard
2971,train,medium
2972,train,hard
2981,train,medium
2982,train,medium
2992,train,medium
2997,train,medium
2999,train,hard
3001,train,medium
3002,train,medium
3003,train,hard
3006,train,medium
3007,train,medium
3008,train,hard
3011,train,medium
3012,train,medium
3016,train,medium
3018,train,hard
3020,train,medium
3021,train,medium
3022,train,hard
3025,train,medium
3026,train,medium
3027,train,hard
3029,train,medium
3031,train,hard
3035,train,medium
3039,train,medium
3040,train,medium
3041,train,hard
3043,train,medium
3044,train,medium
3066,train,medium
3068,train,hard
3070,train,medium
3071,train,medium
3076,train,medium
3077,train,hard
3081,train,medium
3082,train,hard
3085,train,medium
3086,train,hard
3088,train,hard
3091,train,medium
3092,train,medium
3096,train,medium
3097,train,medium
3098,train,hard
3100,train,medium
3101,train,medium
3104,train,hard
3106,train,medium
3107,train,medium
3111,train,medium
3113,train,hard
3115,train,medium
3117,train,hard
3119,train,medium
3121,train,medium
3123,train,hard
3125,train,medium
3129,train,medium
3132,train,medium
3133,train,medium
3134,train,hard
3135,train,medium
3137,train,medium
3138,train,medium
3144,train,medium
3148,train,medium
3153,train,medium
3154,train,hard
3155,train,medium
3163,train,medium
3167,train,medium
3170,train,medium
3171,train,hard
3175,train,medium
3176,train,medium
3177,train,hard
3179,train,medium
3180,train,medium
3181,train,hard
3183,train,medium
3185,train,medium
3186,train,medium
3187,train,hard
3189,train,medium
3192,train,medium
3193,train,hard
3196,train,medium
3197,train,hard
3201,train,medium
3203,train,hard
3208,train,medium
3209,train,hard
3213,train,hard
3221,train,medium
3223,train,medium
3227,train,medium
3228,train,medium
3231,train,hard
3233,train,medium
3234,train,medium
3235,train,hard
3237,train,medium
3239,train,medium
3240,train,medium
3243,test,medium
3250,test,hard
3251,test,hard
3253,test,medium
3254,test,medium
3255,test,medium
3259,test,medium
3269,test,hard
3272,test,hard
3273,test,hard
3275,test,medium
3276,test,hard
3279,test,hard
3281,test,medium
3282,test,medium
3284,test,medium
3286,test,medium
3290,test,medium
3291,test,medium
3292,test,hard
3295,test,medium
3296,test,medium
3298,test,hard
3299,test,hard
3301,test,medium
3302,test,medium
3303,test,hard
3305,test,medium
3306,test,medium
3309,test,medium
3312,test,hard
3313,test,hard
3315,test,medium
3316,test,medium
3317,test,hard
3320,test,hard
3323,test,medium
3325,test,medium
3329,test,hard
3334,test,medium
3335,test,medium
3341,test,medium
3342,test,medium
3343,test,hard
3344,test,medium
3346,test,medium
3347,test,hard
3348,test,hard
3350,test,medium
3351,test,hard
3352,test,hard
3355,test,medium
3356,test,medium
3359,test,hard
3363,test,hard
3365,test,medium
3371,test,medium
3380,test,medium
3381,test,medium
3382,test,hard
3388,test,medium
3389,test,hard
3393,test,medium
3395,test,hard
3397,test,medium
3398,test,hard
3399,test,hard
3400,test,medium
3403,test,medium
3404,test,medium
3406,test,hard
3409,test,medium
3410,test,hard
3412,test,medium
3413,test,medium
3416,test,hard
3418,test,medium
3420,test,hard
3424,test,medium
3426,test,hard
3428,test,medium
3431,test,medium
3433,test,medium
3434,test,medium
3439,test,medium
3441,test,hard
3443,test,medium
3444,test,hard
3445,test,hard
3446,test,medium
3447,test,medium
3448,test,hard
3453,test,medium
3454,test,hard
3457,test,medium
3458,test,medium
3459,test,hard
3460,test,medium
3463,test,hard
3464,test,hard
3468,test,medium
3469,test,medium
3470,test,hard
3472,test,medium
3474,test,hard
3478,test,medium
3479,test,medium
3493,test,medium
3494,test,medium
3496,test,medium
3499,test,medium
3503,test,medium
3504,test,hard
